feedback,satisfaction_level,usage_data,sentiment
"It works, but I wish the effect lasted longer.",5,5,0
I love the smart spoon! The taste enhancement is amazing.,3,10,1
"Not happy with the device, it doesn't change the taste much.",1,5,0
"I don't like the taste enhancement, I feel it's inconsistent.",4,9,0
"It works, but I wish the effect lasted longer.",4,9,0
"It works, but I wish the effect lasted longer.",3,5,0
I love the smart spoon! The taste enhancement is amazing.,3,6,1
"It works, but I wish the effect lasted longer.",3,5,0
"It works, but I wish the effect lasted longer.",2,8,0
This is the best device for enhancing taste perception!,2,8,1
"It works, but I wish the effect lasted longer.",3,4,0
"I don't like the taste enhancement, I feel it's inconsistent.",5,3,0
"I don't like the taste enhancement, I feel it's inconsistent.",1,6,0
"The taste enhancement is great, but the device is a bit bulky.",2,3,1
This is the best device for enhancing taste perception!,5,9,1
"It works, but I wish the effect lasted longer.",2,2,0
"The taste enhancement is great, but the device is a bit bulky.",1,9,1
This is the best device for enhancing taste perception!,2,8,1
"It works, but I wish the effect lasted longer.",2,9,0
"Not happy with the device, it doesn't change the taste much.",5,8,0
"I don't like the taste enhancement, I feel it's inconsistent.",3,9,0
This is the best device for enhancing taste perception!,2,8,1
I love the smart spoon! The taste enhancement is amazing.,1,7,1
This is the best device for enhancing taste perception!,2,1,1
"It's good, but not as effective as expected.",2,7,0
"It's good, but not as effective as expected.",1,2,0
This is the best device for enhancing taste perception!,2,4,1
I love the smart spoon! The taste enhancement is amazing.,2,6,1
"It works, but I wish the effect lasted longer.",1,10,0
"It works, but I wish the effect lasted longer.",5,9,0
"Not happy with the device, it doesn't change the taste much.",4,3,0
"Not happy with the device, it doesn't change the taste much.",1,2,0
"It's good, but not as effective as expected.",5,10,0
"It's good, but not as effective as expected.",3,1,0
I love the smart spoon! The taste enhancement is amazing.,5,9,1
"Not happy with the device, it doesn't change the taste much.",1,2,0
"Not happy with the device, it doesn't change the taste much.",2,3,0
"Not happy with the device, it doesn't change the taste much.",2,5,0
This is the best device for enhancing taste perception!,1,1,1
This is the best device for enhancing taste perception!,1,3,1
"The taste enhancement is great, but the device is a bit bulky.",1,10,1
"It works, but I wish the effect lasted longer.",1,6,0
This is the best device for enhancing taste perception!,2,8,1
"Not happy with the device, it doesn't change the taste much.",4,9,0
"Not happy with the device, it doesn't change the taste much.",1,4,0
"It's good, but not as effective as expected.",4,6,0
"Not happy with the device, it doesn't change the taste much.",2,8,0
"Not happy with the device, it doesn't change the taste much.",3,10,0
"The taste enhancement is great, but the device is a bit bulky.",5,2,1
"I don't like the taste enhancement, I feel it's inconsistent.",1,1,0
"I don't like the taste enhancement, I feel it's inconsistent.",3,4,0
"I don't like the taste enhancement, I feel it's inconsistent.",5,8,0
"The taste enhancement is great, but the device is a bit bulky.",2,10,1
This is the best device for enhancing taste perception!,3,7,1
"It works, but I wish the effect lasted longer.",5,4,0
I love the smart spoon! The taste enhancement is amazing.,1,1,1
"It works, but I wish the effect lasted longer.",5,10,0
"It's good, but not as effective as expected.",4,2,0
I love the smart spoon! The taste enhancement is amazing.,3,7,1
"The taste enhancement is great, but the device is a bit bulky.",3,8,1
This is the best device for enhancing taste perception!,1,2,1
This is the best device for enhancing taste perception!,3,6,1
"I don't like the taste enhancement, I feel it's inconsistent.",2,5,0
"The taste enhancement is great, but the device is a bit bulky.",3,3,1
"Not happy with the device, it doesn't change the taste much.",3,7,0
"It works, but I wish the effect lasted longer.",4,9,0
This is the best device for enhancing taste perception!,1,7,1
This is the best device for enhancing taste perception!,1,1,1
"It works, but I wish the effect lasted longer.",2,2,0
"I don't like the taste enhancement, I feel it's inconsistent.",3,7,0
"The taste enhancement is great, but the device is a bit bulky.",1,5,1
This is the best device for enhancing taste perception!,3,1,1
"Not happy with the device, it doesn't change the taste much.",3,8,0
"I don't like the taste enhancement, I feel it's inconsistent.",3,8,0
I love the smart spoon! The taste enhancement is amazing.,1,9,1
"I don't like the taste enhancement, I feel it's inconsistent.",1,7,0
"It's good, but not as effective as expected.",4,3,0
"It works, but I wish the effect lasted longer.",3,8,0
"I don't like the taste enhancement, I feel it's inconsistent.",3,3,0
"It's good, but not as effective as expected.",5,9,0
"The taste enhancement is great, but the device is a bit bulky.",1,6,1
I love the smart spoon! The taste enhancement is amazing.,1,4,1
This is the best device for enhancing taste perception!,1,2,1
"I don't like the taste enhancement, I feel it's inconsistent.",5,9,0
"It's good, but not as effective as expected.",2,2,0
"It works, but I wish the effect lasted longer.",3,7,0
"It's good, but not as effective as expected.",3,6,0
"The taste enhancement is great, but the device is a bit bulky.",1,4,1
"It's good, but not as effective as expected.",5,1,0
"It works, but I wish the effect lasted longer.",5,5,0
"I don't like the taste enhancement, I feel it's inconsistent.",2,1,0
"The taste enhancement is great, but the device is a bit bulky.",3,1,1
"It's good, but not as effective as expected.",4,1,0
This is the best device for enhancing taste perception!,1,9,1
"Not happy with the device, it doesn't change the taste much.",1,2,0
I love the smart spoon! The taste enhancement is amazing.,3,3,1
"I don't like the taste enhancement, I feel it's inconsistent.",4,2,0
"The taste enhancement is great, but the device is a bit bulky.",3,9,1
This is the best device for enhancing taste perception!,3,4,1
"The taste enhancement is great, but the device is a bit bulky.",5,7,1
"It's good, but not as effective as expected.",2,3,0
"Not happy with the device, it doesn't change the taste much.",1,7,0
"It works, but I wish the effect lasted longer.",4,7,0
"The taste enhancement is great, but the device is a bit bulky.",1,2,1
This is the best device for enhancing taste perception!,1,5,1
"I don't like the taste enhancement, I feel it's inconsistent.",2,1,0
"It's good, but not as effective as expected.",5,6,0
"It's good, but not as effective as expected.",4,5,0
This is the best device for enhancing taste perception!,3,9,1
"The taste enhancement is great, but the device is a bit bulky.",4,4,1
"It works, but I wish the effect lasted longer.",3,1,0
"It's good, but not as effective as expected.",1,4,0
"It's good, but not as effective as expected.",2,8,0
I love the smart spoon! The taste enhancement is amazing.,5,5,1
"The taste enhancement is great, but the device is a bit bulky.",2,4,1
"It's good, but not as effective as expected.",2,5,0
"The taste enhancement is great, but the device is a bit bulky.",3,9,1
I love the smart spoon! The taste enhancement is amazing.,5,8,1
I love the smart spoon! The taste enhancement is amazing.,5,5,1
"Not happy with the device, it doesn't change the taste much.",5,8,0
I love the smart spoon! The taste enhancement is amazing.,1,3,1
"I don't like the taste enhancement, I feel it's inconsistent.",2,6,0
"It works, but I wish the effect lasted longer.",1,4,0
This is the best device for enhancing taste perception!,2,10,1
"It's good, but not as effective as expected.",4,6,0
"It's good, but not as effective as expected.",4,3,0
"It works, but I wish the effect lasted longer.",3,3,0
"It's good, but not as effective as expected.",5,8,0
"The taste enhancement is great, but the device is a bit bulky.",3,4,1
"I don't like the taste enhancement, I feel it's inconsistent.",3,4,0
"It's good, but not as effective as expected.",3,1,0
"It's good, but not as effective as expected.",1,1,0
This is the best device for enhancing taste perception!,4,5,1
This is the best device for enhancing taste perception!,4,3,1
"I don't like the taste enhancement, I feel it's inconsistent.",2,4,0
"I don't like the taste enhancement, I feel it's inconsistent.",4,9,0
"It's good, but not as effective as expected.",4,9,0
I love the smart spoon! The taste enhancement is amazing.,2,1,1
"It works, but I wish the effect lasted longer.",1,4,0
I love the smart spoon! The taste enhancement is amazing.,5,1,1
I love the smart spoon! The taste enhancement is amazing.,1,3,1
"The taste enhancement is great, but the device is a bit bulky.",4,8,1
"It works, but I wish the effect lasted longer.",1,8,0
"I don't like the taste enhancement, I feel it's inconsistent.",5,10,0
"It works, but I wish the effect lasted longer.",4,8,0
"The taste enhancement is great, but the device is a bit bulky.",3,3,1
I love the smart spoon! The taste enhancement is amazing.,2,1,1
"It works, but I wish the effect lasted longer.",4,3,0
"The taste enhancement is great, but the device is a bit bulky.",1,4,1
I love the smart spoon! The taste enhancement is amazing.,4,5,1
"Not happy with the device, it doesn't change the taste much.",5,5,0
"It's good, but not as effective as expected.",4,8,0
"I don't like the taste enhancement, I feel it's inconsistent.",2,6,0
"The taste enhancement is great, but the device is a bit bulky.",1,9,1
"Not happy with the device, it doesn't change the taste much.",5,2,0
"The taste enhancement is great, but the device is a bit bulky.",3,6,1
"It's good, but not as effective as expected.",3,5,0
This is the best device for enhancing taste perception!,3,9,1
"It's good, but not as effective as expected.",4,2,0
"I don't like the taste enhancement, I feel it's inconsistent.",2,10,0
"It's good, but not as effective as expected.",5,9,0
"It's good, but not as effective as expected.",1,8,0
This is the best device for enhancing taste perception!,4,4,1
"It's good, but not as effective as expected.",3,2,0
"I don't like the taste enhancement, I feel it's inconsistent.",4,1,0
"I don't like the taste enhancement, I feel it's inconsistent.",4,6,0
"I don't like the taste enhancement, I feel it's inconsistent.",5,9,0
This is the best device for enhancing taste perception!,3,2,1
This is the best device for enhancing taste perception!,2,5,1
I love the smart spoon! The taste enhancement is amazing.,1,10,1
"The taste enhancement is great, but the device is a bit bulky.",5,1,1
"It's good, but not as effective as expected.",5,8,0
This is the best device for enhancing taste perception!,1,9,1
"The taste enhancement is great, but the device is a bit bulky.",2,7,1
This is the best device for enhancing taste perception!,2,7,1
"The taste enhancement is great, but the device is a bit bulky.",2,9,1
I love the smart spoon! The taste enhancement is amazing.,5,1,1
"The taste enhancement is great, but the device is a bit bulky.",3,10,1
"It works, but I wish the effect lasted longer.",5,10,0
This is the best device for enhancing taste perception!,1,8,1
"It's good, but not as effective as expected.",2,9,0
"I don't like the taste enhancement, I feel it's inconsistent.",5,3,0
This is the best device for enhancing taste perception!,1,5,1
"The taste enhancement is great, but the device is a bit bulky.",2,2,1
"Not happy with the device, it doesn't change the taste much.",1,4,0
"The taste enhancement is great, but the device is a bit bulky.",2,7,1
"It works, but I wish the effect lasted longer.",1,2,0
"It's good, but not as effective as expected.",3,2,0
"It works, but I wish the effect lasted longer.",1,2,0
This is the best device for enhancing taste perception!,3,1,1
"I don't like the taste enhancement, I feel it's inconsistent.",2,9,0
"It's good, but not as effective as expected.",1,10,0
"Not happy with the device, it doesn't change the taste much.",3,4,0
I love the smart spoon! The taste enhancement is amazing.,2,1,1
This is the best device for enhancing taste perception!,3,10,1
"It works, but I wish the effect lasted longer.",1,2,0
"It works, but I wish the effect lasted longer.",3,9,0
I love the smart spoon! The taste enhancement is amazing.,2,10,1
This is the best device for enhancing taste perception!,3,8,1
"The taste enhancement is great, but the device is a bit bulky.",1,5,1
